"<div style='text-align:left;'><div style='font-weight:700; margin-bottom:8px;'>Was ist Binnenschifffahrtsfunk?</div><div><div style='margin:2px 0;'><span style='display:inline-block; width:24px;'>A.</span><span>Internationaler mobiler UKW/VHF-Sprechfunkdienst auf Binnenschifffahrtsstraßen</span></div><div style='margin:2px 0;'><span style='display:inline-block; width:24px;'>B.</span><span>Nationales UKW/VHF-Sprechfunkverfahren im Binnenbereich</span></div><div style='margin:2px 0;'><span style='display:inline-block; width:24px;'>C.</span><span>Internationales UKW/VHF-Sprechfunkverfahren im Binnenbereich</span></div><div style='margin:2px 0;'><span style='display:inline-block; width:24px;'>D.</span><span>Nationaler mobiler UKW/VHF-Sprechfunkdienst auf Binnenschifffahrtsstraßen</span></div></div></div>";"<div style='text-align:left;'><div style='margin-top:8px;'><b>Richtige Antwort:</b> A</div><div style='margin-top:4px;'>Internationaler mobiler UKW/VHF-Sprechfunkdienst auf Binnenschifffahrtsstraßen</div></div>"
"<div style='text-align:left;'><div style='font-weight:700; margin-bottom:8px;'>Wozu dient der Binnenschifffahrtsfunk?</div><div><div style='margin:2px 0;'><span style='display:inline-block; width:24px;'>A.</span><span>Funkverkehr für bestimmte Zwecke auf vereinbarten Kanälen (Verkehrskreise) und nach einem festgelegten Betriebsverfahren</span></div><div style='margin:2px 0;'><span style='display:inline-block; width:24px;'>B.</span><span>Funkverkehr für Schiffsfunkstellen zu bestimmten Zwecken auf vereinbarten Kanälen (Verkehrskreise) und nach einem festgelegten Betriebsverfahren</span></div><div style='margin:2px 0;'><span style='display:inline-block; width:24px;'>C.</span><span>Funkverkehr für Schiffsfunkstellen über Landfunkstellen auf vereinbarten Kanälen (Verkehrskreise) und nach einem festgelegten Betriebsverfahren</span></div><div style='margin:2px 0;'><span style='display:inline-block; width:24px;'>D.</span><span>Funkverkehr zu Landfunkstellen für bestimmte Zwecke auf vereinbarten Kanälen (Verkehrskreise) und nach einem festgelegten Betriebsverfahren</span></div></div></div>";"<div style='text-align:left;'><div style='margin-top:8px;'><b>Richtige Antwort:</b> A</div><div style='margin-top:4px;'>Funkverkehr für bestimmte Zwecke auf vereinbarten Kanälen (Verkehrskreise) und nach einem festgelegten Betriebsverfahren</div></div>"
"<div style='text-align:left;'><div style='font-weight:700; margin-bottom:8px;'>Wo findet man Angaben über die grundsätzlichen Regelungen für den Binnenschifffahrtsfunk in Europa?</div><div><div style='margin:2px 0;'><span style='display:inline-block; width:24px;'>A.</span><span>Verwaltungsvereinbarung über die Koordinierung von Frequenzen (HCM)</span></div><div style='margin:2px 0;'><span style='display:inline-block; width:24px;'>B.</span><span>Regionale Vereinbarung über den Binnenschifffahrtsfunk (RAINWAT)</span></div><div style='margin:2px 0;'><span style='display:inline-block; width:24px;'>C.</span><span>International Convention for the Safety of Life at Sea (SOLAS)</span></div><div style='margin:2px 0;'><span style='display:inline-block; width:24px;'>D.</span><span>Binnenschifffahrt-Sprechfunkverordnung (BinSchSprFunkV)</span></div></div></div>";"<div style='text-align:left;'><div style='margin-top:8px;'><b>Richtige Antwort:</b> B</div><div style='margin-top:4px;'>Regionale Vereinbarung über den Binnenschifffahrtsfunk (RAINWAT)</div></div>"
"<div style='text-align:left;'><div style='font-weight:700; margin-bottom:8px;'>Was ist eine Revierzentrale?</div><div><div style='margin:2px 0;'><span style='display:inline-block; width:24px;'>A.</span><span>Zentrale Schiffsfunkstelle der Wasserstraßen- und Schifffahrtsverwaltung</span></div><div style='margin:2px 0;'><span style='display:inline-block; width:24px;'>B.</span><span>Zentrale Seefunkstelle zur Schiffslenkung</span></div><div style='margin:2px 0;'><span style='display:inline-block; width:24px;'>C.</span><span>Zentrale Telematikdienste zur Datenübermittlung von AIS</span></div><div style='margin:2px 0;'><span style='display:inline-block; width:24px;'>D.</span><span>Zentrale Landfunkstelle des Verkehrskreises Nautische Information</span></div></div></div>";"<div style='text-align:left;'><div style='margin-top:8px;'><b>Richtige Antwort:</b> D</div><div style='margin-top:4px;'>Zentrale Landfunkstelle des Verkehrskreises Nautische Information</div></div>"
"<div style='text-align:left;'><div style='font-weight:700; margin-bottom:8px;'>Was ist ein Verkehrsposten?</div><div><div style='margin:2px 0;'><span style='display:inline-block; width:24px;'>A.</span><span>Zentrale ortsfeste Funkstelle in den Niederlanden und in Frankreich</span></div><div style='margin:2px 0;'><span style='display:inline-block; width:24px;'>B.</span><span>Zentrale ortsfeste Funkstelle in den Niederlanden</span></div><div style='margin:2px 0;'><span style='display:inline-block; width:24px;'>C.</span><span>Zentrale mobile Funkstelle in den Niederlanden</span></div><div style='margin:2px 0;'><span style='display:inline-block; width:24px;'>D.</span><span>Zentrale mobile Funkstelle in den Niederlanden und in Frankreich</span></div></div></div>";"<div style='text-align:left;'><div style='margin-top:8px;'><b>Richtige Antwort:</b> B</div><div style='margin-top:4px;'>Zentrale ortsfeste Funkstelle in den Niederlanden</div></div>"
"<div style='text-align:left;'><div style='font-weight:700; margin-bottom:8px;'>Was ist ein Blockkanal?</div><div><div style='margin:2px 0;'><span style='display:inline-block; width:24px;'>A.</span><span>Gesperrter Funkkanal der Verkehrsposten und Verkehrszentralen in den Niederlanden</span></div><div style='margin:2px 0;'><span style='display:inline-block; width:24px;'>B.</span><span>Funkkanal für sicherheitsrelevante Meldungen der Verkehrsposten und Schiffsfunkstellen in den Niederlanden</span></div><div style='margin:2px 0;'><span style='display:inline-block; width:24px;'>C.</span><span>Funkkanal für Routinegespräche der Verkehrsposten und Schiffsfunkstellen in den Niederlanden</span></div><div style='margin:2px 0;'><span style='display:inline-block; width:24px;'>D.</span><span>Funkkanal für öffentlichen Nachrichtenaustausch zwischen den Verkehrsposten in den Niederlanden</span></div></div></div>";"<div style='text-align:left;'><div style='margin-top:8px;'><b>Richtige Antwort:</b> B</div><div style='margin-top:4px;'>Funkkanal für sicherheitsrelevante Meldungen der Verkehrsposten und Schiffsfunkstellen in den Niederlanden</div></div>"
"<div style='text-align:left;'><div style='font-weight:700; margin-bottom:8px;'>Was bedeutet MIB?</div><div><div style='margin:2px 0;'><span style='display:inline-block; width:24px;'>A.</span><span>Maritimes Identifikationssystem in der Binnenschifffahrt</span></div><div style='margin:2px 0;'><span style='display:inline-block; width:24px;'>B.</span><span>Melde- und Informationssystem in der Binnenschifffahrt</span></div><div style='margin:2px 0;'><span style='display:inline-block; width:24px;'>C.</span><span>Melde- und Identifikationssystem in der Binnenschifffahrt</span></div><div style='margin:2px 0;'><span style='display:inline-block; width:24px;'>D.</span><span>Mobiles Informationssystem in der Binnenschifffahrt</span></div></div></div>";"<div style='text-align:left;'><div style='margin-top:8px;'><b>Richtige Antwort:</b> B</div><div style='margin-top:4px;'>Melde- und Informationssystem in der Binnenschifffahrt</div></div>"
"<div style='text-align:left;'><div style='font-weight:700; margin-bottom:8px;'>Wo darf der Inhaber eines in Deutschland erworbenen UKW-Sprechfunkzeugnisses für den Binnenschifffahrtsfunk am Funkverkehr teilnehmen?</div><div><div style='margin:2px 0;'><span style='display:inline-block; width:24px;'>A.</span><span>In allen Ländern, die der Regionalen Vereinbarung über den Binnenschifffahrtsfunk beigetreten sind</span></div><div style='margin:2px 0;'><span style='display:inline-block; width:24px;'>B.</span><span>In allen Staaten, die die Vollzugsordnung für den Funkdienst ratifiziert haben</span></div><div style='margin:2px 0;'><span style='display:inline-block; width:24px;'>C.</span><span>In allen deutschsprachigen Ländern</span></div><div style='margin:2px 0;'><span style='display:inline-block; width:24px;'>D.</span><span>In allen Mitgliedstaaten der EU</span></div></div></div>";"<div style='text-align:left;'><div style='margin-top:8px;'><b>Richtige Antwort:</b> A</div><div style='margin-top:4px;'>In allen Ländern, die der Regionalen Vereinbarung über den Binnenschifffahrtsfunk beigetreten sind</div></div>"
"<div style='text-align:left;'><div style='font-weight:700; margin-bottom:8px;'>Wo berechtigt das UKW-Sprechfunkzeugnis für den Binnenschifffahrtsfunk (UBI) auch zur Teilnahme am mobilen Seefunkdienst?</div><div><div style='margin:2px 0;'><span style='display:inline-block; width:24px;'>A.</span><span>Wasserstraßen der Zonen 2 bis 4</span></div><div style='margin:2px 0;'><span style='display:inline-block; width:24px;'>B.</span><span>Wasserstraßen der Zonen 1 bis 2</span></div><div style='margin:2px 0;'><span style='display:inline-block; width:24px;'>C.</span><span>Wasserstraßen der Zonen 1 bis 4</span></div><div style='margin:2px 0;'><span style='display:inline-block; width:24px;'>D.</span><span>Wasserstraßen der Zonen 2 bis 3</span></div></div></div>";"<div style='text-align:left;'><div style='margin-top:8px;'><b>Richtige Antwort:</b> B</div><div style='margin-top:4px;'>Wasserstraßen der Zonen 1 bis 2</div></div>"
"<div style='text-align:left;'><div style='font-weight:700; margin-bottom:8px;'>Wer erteilt neben der zuständigen Stelle des Bundes das UKW-Sprechfunkzeugnis für den Binnenschifffahrtsfunk (UBI)?</div><div><div style='margin:2px 0;'><span style='display:inline-block; width:24px;'>A.</span><span>Zentrale Verwaltungsstelle (ZVST) und Generaldirektion Wasserstraßen und Schifffahrt (GDWS)</span></div><div style='margin:2px 0;'><span style='display:inline-block; width:24px;'>B.</span><span>Wasserstraßen- und Schifffahrtsamt (WSA) und Bundesnetzagentur (BNetzA)</span></div><div style='margin:2px 0;'><span style='display:inline-block; width:24px;'>C.</span><span>Prüfungsausschüsse des Deutschen Motoryachtverbandes e. V. (DMYV) und des Deutschen Segler-Verbandes e. V. (DSV)</span></div><div style='margin:2px 0;'><span style='display:inline-block; width:24px;'>D.</span><span>Bundesnetzagentur (BNetzA) und das Bundesamt für Seeschifffahrt und Hydrographie (BSH)</span></div></div></div>";"<div style='text-align:left;'><div style='margin-top:8px;'><b>Richtige Antwort:</b> C</div><div style='margin-top:4px;'>Prüfungsausschüsse des Deutschen Motoryachtverbandes e. V. (DMYV) und des Deutschen Segler-Verbandes e. V. (DSV)</div></div>"
"<div style='text-align:left;'><div style='font-weight:700; margin-bottom:8px;'>Welches Funkzeugnis berechtigt nicht zur Teilnahme am Weltweiten Seenot- und Sicherheitsfunksystem (GMDSS)?</div><div><div style='margin:2px 0;'><span style='display:inline-block; width:24px;'>A.</span><span>Allgemeines Betriebszeugnis für Funker (GOC)</span></div><div style='margin:2px 0;'><span style='display:inline-block; width:24px;'>B.</span><span>UKW-Sprechfunkzeugnis für den Binnenschifffahrtsfunk (UBI)</span></div><div style='margin:2px 0;'><span style='display:inline-block; width:24px;'>C.</span><span>Beschränkt Gültiges Funkbetriebszeugnis (SRC)</span></div><div style='margin:2px 0;'><span style='display:inline-block; width:24px;'>D.</span><span>Allgemeines Funkbetriebszeugnis (LRC)</span></div></div></div>";"<div style='text-align:left;'><div style='margin-top:8px;'><b>Richtige Antwort:</b> B</div><div style='margin-top:4px;'>UKW-Sprechfunkzeugnis für den Binnenschifffahrtsfunk (UBI)</div></div>"
"<div style='text-align:left;'><div style='font-weight:700; margin-bottom:8px;'>Welches Funkzeugnis berechtigt nicht zur Teilnahme am Binnenschifffahrtsfunk?</div><div><div style='margin:2px 0;'><span style='display:inline-block; width:24px;'>A.</span><span>Amateurfunkzeugnis</span></div><div style='margin:2px 0;'><span style='display:inline-block; width:24px;'>B.</span><span>Allgemeines Sprechfunkzeugnis für den Seefunkdienst</span></div><div style='margin:2px 0;'><span style='display:inline-block; width:24px;'>C.</span><span>UKW-Sprechfunkzeugnis für den Binnenschifffahrtsfunk (UBI)</span></div><div style='margin:2px 0;'><span style='display:inline-block; width:24px;'>D.</span><span>Beschränkt gültiges Betriebszeugnis für Funker I (BZ I)</span></div></div></div>";"<div style='text-align:left;'><div style='margin-top:8px;'><b>Richtige Antwort:</b> A</div><div style='margin-top:4px;'>Amateurfunkzeugnis</div></div>"
"<div style='text-align:left;'><div style='font-weight:700; margin-bottom:8px;'>Worauf ist bei der Teilnahme am Binnenschifffahrtsfunk in anderen Ländern zu achten?</div><div><div style='margin:2px 0;'><span style='display:inline-block; width:24px;'>A.</span><span>Die Bestimmungen der EU-Kommission sind zu beachten</span></div><div style='margin:2px 0;'><span style='display:inline-block; width:24px;'>B.</span><span>Die Bestimmungen der Binnenschifffahrt-Sprechfunkverordnung sind zu beachten</span></div><div style='margin:2px 0;'><span style='display:inline-block; width:24px;'>C.</span><span>Die Bestimmungen der Binnenschifffahrtsstraßenordnung sind zu beachten</span></div><div style='margin:2px 0;'><span style='display:inline-block; width:24px;'>D.</span><span>Die Bestimmungen im Regionalen Teil des Handbuchs Binnenschifffahrtsfunk sind zu beachten</span></div></div></div>";"<div style='text-align:left;'><div style='margin-top:8px;'><b>Richtige Antwort:</b> D</div><div style='margin-top:4px;'>Die Bestimmungen im Regionalen Teil des Handbuchs Binnenschifffahrtsfunk sind zu beachten</div></div>"
"<div style='text-align:left;'><div style='font-weight:700; margin-bottom:8px;'>Wo findet man z. B. Angaben über die Ausrüstungspflicht mit Funkanlagen auf Binnenschiffen?</div><div><div style='margin:2px 0;'><span style='display:inline-block; width:24px;'>A.</span><span>Binnenschifffahrt-Sprechfunkverordnung</span></div><div style='margin:2px 0;'><span style='display:inline-block; width:24px;'>B.</span><span>Binnenschifferpatentverordnung</span></div><div style='margin:2px 0;'><span style='display:inline-block; width:24px;'>C.</span><span>Binnenschifffahrtstraßenordnung</span></div><div style='margin:2px 0;'><span style='display:inline-block; width:24px;'>D.</span><span>Schiffssicherheitsverordnung</span></div></div></div>";"<div style='text-align:left;'><div style='margin-top:8px;'><b>Richtige Antwort:</b> C</div><div style='margin-top:4px;'>Binnenschifffahrtstraßenordnung</div></div>"
"<div style='text-align:left;'><div style='font-weight:700; margin-bottom:8px;'>Wo findet man Angaben über die Funkbenutzungspflicht für Fahrzeuge auf bestimmten Binnenschifffahrtsstraßen?</div><div><div style='margin:2px 0;'><span style='display:inline-block; width:24px;'>A.</span><span>Binnenschifferpatentverordnung</span></div><div style='margin:2px 0;'><span style='display:inline-block; width:24px;'>B.</span><span>Allgemeiner Teil des Handbuchs Binnenschifffahrtsfunk</span></div><div style='margin:2px 0;'><span style='display:inline-block; width:24px;'>C.</span><span>Regionale Teile des Handbuchs Binnenschifffahrtsfunk</span></div><div style='margin:2px 0;'><span style='display:inline-block; width:24px;'>D.</span><span>Binnenschifffahrt-Sprechfunkverordnung</span></div></div></div>";"<div style='text-align:left;'><div style='margin-top:8px;'><b>Richtige Antwort:</b> C</div><div style='margin-top:4px;'>Regionale Teile des Handbuchs Binnenschifffahrtsfunk</div></div>"
"<div style='text-align:left;'><div style='font-weight:700; margin-bottom:8px;'>Das Abhörverbot und das Fernmeldegeheimnis sind geregelt…</div><div><div style='margin:2px 0;'><span style='display:inline-block; width:24px;'>A.</span><span>in der Binnenschifffahrt-Sprechfunkverordnung (BinSchSprFunkV)</span></div><div style='margin:2px 0;'><span style='display:inline-block; width:24px;'>B.</span><span>im Telekommunikationsgesetz (TKG)</span></div><div style='margin:2px 0;'><span style='display:inline-block; width:24px;'>C.</span><span>im Gesetz über Funkanlagen und Telekommunikationsendeinrichtungen (FTEG)</span></div><div style='margin:2px 0;'><span style='display:inline-block; width:24px;'>D.</span><span>in der Schiffssicherheitsverordnung (SchSV)</span></div></div></div>";"<div style='text-align:left;'><div style='margin-top:8px;'><b>Richtige Antwort:</b> B</div><div style='margin-top:4px;'>im Telekommunikationsgesetz (TKG)</div></div>"
"<div style='text-align:left;'><div style='font-weight:700; margin-bottom:8px;'>Welche Folgen kann die Verletzung des Fernmeldegeheimnisses haben?</div><div><div style='margin:2px 0;'><span style='display:inline-block; width:24px;'>A.</span><span>Schriftliche Verwarnung</span></div><div style='margin:2px 0;'><span style='display:inline-block; width:24px;'>B.</span><span>Ordnungswidrigkeitsverfahren</span></div><div style='margin:2px 0;'><span style='display:inline-block; width:24px;'>C.</span><span>Einzug der Funkanlage</span></div><div style='margin:2px 0;'><span style='display:inline-block; width:24px;'>D.</span><span>Strafrechtliche Verfolgung</span></div></div></div>";"<div style='text-align:left;'><div style='margin-top:8px;'><b>Richtige Antwort:</b> D</div><div style='margin-top:4px;'>Strafrechtliche Verfolgung</div></div>"
"<div style='text-align:left;'><div style='font-weight:700; margin-bottom:8px;'>Was ist eine Schiffsfunkstelle?</div><div><div style='margin:2px 0;'><span style='display:inline-block; width:24px;'>A.</span><span>Mobile Funkstelle des mobilen Seefunkdienstes</span></div><div style='margin:2px 0;'><span style='display:inline-block; width:24px;'>B.</span><span>Mobile Funkstelle des Binnenschifffahrtsfunks</span></div><div style='margin:2px 0;'><span style='display:inline-block; width:24px;'>C.</span><span>Ortsfeste Funkstelle des mobilen Seefunkdienstes</span></div><div style='margin:2px 0;'><span style='display:inline-block; width:24px;'>D.</span><span>Ortsfeste Funkstelle des Binnenschifffahrtsfunks</span></div></div></div>";"<div style='text-align:left;'><div style='margin-top:8px;'><b>Richtige Antwort:</b> B</div><div style='margin-top:4px;'>Mobile Funkstelle des Binnenschifffahrtsfunks</div></div>"
"<div style='text-align:left;'><div style='font-weight:700; margin-bottom:8px;'>Wer darf eine Schiffsfunkstelle bedienen?</div><div><div style='margin:2px 0;'><span style='display:inline-block; width:24px;'>A.</span><span>Nur der Schiffsführer, sofern er über ein gültiges Sprechfunkzeugnis für den Binnenschifffahrtsfunk (UBI) verfügt</span></div><div style='margin:2px 0;'><span style='display:inline-block; width:24px;'>B.</span><span>Personen, die ohne Aufsicht eines Funkzeugnisinhabers am Funkverkehr teilnehmen, sofern sie älter als 16 Jahre sind</span></div><div style='margin:2px 0;'><span style='display:inline-block; width:24px;'>C.</span><span>Inhaber eines gültigen Sprechfunkzeugnisses für den Binnenschifffahrtsfunk (UBI) oder eines gleichwertigen Zeugnisses</span></div><div style='margin:2px 0;'><span style='display:inline-block; width:24px;'>D.</span><span>Personen, die über einen gültigen Sportbootführerschein-Binnen und über die Erlaubnis des Schiffsführers verfügen</span></div></div></div>";"<div style='text-align:left;'><div style='margin-top:8px;'><b>Richtige Antwort:</b> C</div><div style='margin-top:4px;'>Inhaber eines gültigen Sprechfunkzeugnisses für den Binnenschifffahrtsfunk (UBI) oder eines gleichwertigen Zeugnisses</div></div>"
"<div style='text-align:left;'><div style='font-weight:700; margin-bottom:8px;'>Der Betrieb einer Schiffsfunkstelle ohne Zuteilungsurkunde (Ship Station Licence) verstößt gegen Vorschriften…</div><div><div style='margin:2px 0;'><span style='display:inline-block; width:24px;'>A.</span><span>der Binnenschifffahrtstraßenordnung (BinSchStrO)</span></div><div style='margin:2px 0;'><span style='display:inline-block; width:24px;'>B.</span><span>der Binnenschifffahrt-Sprechfunkverordnung (BinSchSprFunkV)</span></div><div style='margin:2px 0;'><span style='display:inline-block; width:24px;'>C.</span><span>des Telekommunikationsgesetzes (TKG)</span></div><div style='margin:2px 0;'><span style='display:inline-block; width:24px;'>D.</span><span>des Gesetzes über Funkanlagen und Telekommunikationsendeinrichtungen (FTEG)</span></div></div></div>";"<div style='text-align:left;'><div style='margin-top:8px;'><b>Richtige Antwort:</b> C</div><div style='margin-top:4px;'>des Telekommunikationsgesetzes (TKG)</div></div>"
"<div style='text-align:left;'><div style='font-weight:700; margin-bottom:8px;'>Die Bedienung einer Schiffsfunkstelle ohne Erlaubnis (UKW-Sprechfunkzeugnis) verstößt gegen Vorschriften…</div><div><div style='margin:2px 0;'><span style='display:inline-block; width:24px;'>A.</span><span>der Binnenschifffahrtstraßenordnung (BinSchStrO)</span></div><div style='margin:2px 0;'><span style='display:inline-block; width:24px;'>B.</span><span>des Telekommunikationsgesetzes (TKG)</span></div><div style='margin:2px 0;'><span style='display:inline-block; width:24px;'>C.</span><span>der Binnenschifffahrt-Sprechfunkverordnung (BinSchSprFunkV)</span></div><div style='margin:2px 0;'><span style='display:inline-block; width:24px;'>D.</span><span>des Gesetzes über Funkanlagen und Telekommunikationsendeinrichtungen (FTEG)</span></div></div></div>";"<div style='text-align:left;'><div style='margin-top:8px;'><b>Richtige Antwort:</b> C</div><div style='margin-top:4px;'>der Binnenschifffahrt-Sprechfunkverordnung (BinSchSprFunkV)</div></div>"
"<div style='text-align:left;'><div style='font-weight:700; margin-bottom:8px;'>Welches amtliche Dokument für eine Schiffsfunkstelle muss sich an Bord befinden?</div><div><div style='margin:2px 0;'><span style='display:inline-block; width:24px;'>A.</span><span>Zuteilungsurkunde (Ship Station Licence)</span></div><div style='margin:2px 0;'><span style='display:inline-block; width:24px;'>B.</span><span>UKW-Sprechfunkzeugnis (UBI)</span></div><div style='margin:2px 0;'><span style='display:inline-block; width:24px;'>C.</span><span>UKW-Betriebszeugnis</span></div><div style='margin:2px 0;'><span style='display:inline-block; width:24px;'>D.</span><span>Zulassungsurkunde</span></div></div></div>";"<div style='text-align:left;'><div style='margin-top:8px;'><b>Richtige Antwort:</b> A</div><div style='margin-top:4px;'>Zuteilungsurkunde (Ship Station Licence)</div></div>"
"<div style='text-align:left;'><div style='font-weight:700; margin-bottom:8px;'>Welche Teile des Handbuchs Binnenschifffahrtsfunk müssen bei einer Schiffsfunkstelle mitgeführt werden?</div><div><div style='margin:2px 0;'><span style='display:inline-block; width:24px;'>A.</span><span>Regionale Teile für alle europäischen Wasserstraßen</span></div><div style='margin:2px 0;'><span style='display:inline-block; width:24px;'>B.</span><span>Allgemeiner Teil sowie Regionale Teile für die Strecken, in denen die Schiffsfunkstelle am Binnenschifffahrtsfunk teilnimmt</span></div><div style='margin:2px 0;'><span style='display:inline-block; width:24px;'>C.</span><span>Allgemeiner Teil sowie Regionale Teile des Landes, in dem die Schiffsfunkstelle angemeldet wurde</span></div><div style='margin:2px 0;'><span style='display:inline-block; width:24px;'>D.</span><span>Regionale Teile für die Strecke, in der sich die Schiffsfunkstelle gerade befindet</span></div></div></div>";"<div style='text-align:left;'><div style='margin-top:8px;'><b>Richtige Antwort:</b> B</div><div style='margin-top:4px;'>Allgemeiner Teil sowie Regionale Teile für die Strecken, in denen die Schiffsfunkstelle am Binnenschifffahrtsfunk teilnimmt</div></div>"
"<div style='text-align:left;'><div style='font-weight:700; margin-bottom:8px;'>Woraus besteht das Rufzeichen für eine deutsche Schiffsfunkstelle?</div><div><div style='margin:2px 0;'><span style='display:inline-block; width:24px;'>A.</span><span>Zwei Buchstaben der Rufzeichenreihe für Deutschland, gefolgt von zwei Ziffern</span></div><div style='margin:2px 0;'><span style='display:inline-block; width:24px;'>B.</span><span>Vier Buchstaben der Rufzeichenreihe für Deutschland, gefolgt von vier Ziffern</span></div><div style='margin:2px 0;'><span style='display:inline-block; width:24px;'>C.</span><span>Vier Buchstaben der Rufzeichenreihe für Deutschland, gefolgt von zwei Ziffern</span></div><div style='margin:2px 0;'><span style='display:inline-block; width:24px;'>D.</span><span>Zwei Buchstaben der Rufzeichenreihe für Deutschland, gefolgt von vier Ziffern</span></div></div></div>";"<div style='text-align:left;'><div style='margin-top:8px;'><b>Richtige Antwort:</b> D</div><div style='margin-top:4px;'>Zwei Buchstaben der Rufzeichenreihe für Deutschland, gefolgt von vier Ziffern</div></div>"
"<div style='text-align:left;'><div style='font-weight:700; margin-bottom:8px;'>Was bedeutet ATIS?</div><div><div style='margin:2px 0;'><span style='display:inline-block; width:24px;'>A.</span><span>Automatisches Senderidentifizierungssystem</span></div><div style='margin:2px 0;'><span style='display:inline-block; width:24px;'>B.</span><span>Automatisches Schiffsidentifizierungssystem</span></div><div style='margin:2px 0;'><span style='display:inline-block; width:24px;'>C.</span><span>Automatisches Verkehrsinformationssystem</span></div><div style='margin:2px 0;'><span style='display:inline-block; width:24px;'>D.</span><span>Automatisches Transponderabfragesystem</span></div></div></div>";"<div style='text-align:left;'><div style='margin-top:8px;'><b>Richtige Antwort:</b> A</div><div style='margin-top:4px;'>Automatisches Senderidentifizierungssystem</div></div>"
"<div style='text-align:left;'><div style='font-weight:700; margin-bottom:8px;'>Welchem Zweck dient die Aussendung eines ATIS-Codes?</div><div><div style='margin:2px 0;'><span style='display:inline-block; width:24px;'>A.</span><span>Identifizierung des Bedieners der Schiffsfunkstelle</span></div><div style='margin:2px 0;'><span style='display:inline-block; width:24px;'>B.</span><span>Identifizierung einer Seefunkstelle</span></div><div style='margin:2px 0;'><span style='display:inline-block; width:24px;'>C.</span><span>Identifizierung des Verkehrskreises</span></div><div style='margin:2px 0;'><span style='display:inline-block; width:24px;'>D.</span><span>Identifizierung einer Schiffsfunkstelle</span></div></div></div>";"<div style='text-align:left;'><div style='margin-top:8px;'><b>Richtige Antwort:</b> D</div><div style='margin-top:4px;'>Identifizierung einer Schiffsfunkstelle</div></div>"
"<div style='text-align:left;'><div style='font-weight:700; margin-bottom:8px;'>Wann wird das ATIS-Signal ausgesendet?</div><div><div style='margin:2px 0;'><span style='display:inline-block; width:24px;'>A.</span><span>Automatisch nach dem Loslassen der Sprechtaste</span></div><div style='margin:2px 0;'><span style='display:inline-block; width:24px;'>B.</span><span>Automatisch beim Drücken der Sprechtaste</span></div><div style='margin:2px 0;'><span style='display:inline-block; width:24px;'>C.</span><span>Automatisch beim Kanalwechsel</span></div><div style='margin:2px 0;'><span style='display:inline-block; width:24px;'>D.</span><span>Automatisch alle 10 Minuten</span></div></div></div>";"<div style='text-align:left;'><div style='margin-top:8px;'><b>Richtige Antwort:</b> A</div><div style='margin-top:4px;'>Automatisch nach dem Loslassen der Sprechtaste</div></div>"
"<div style='text-align:left;'><div style='font-weight:700; margin-bottom:8px;'>Welchen ATIS-Code sendet eine tragbare Funkanlage aus?</div><div><div style='margin:2px 0;'><span style='display:inline-block; width:24px;'>A.</span><span>ATIS-Code der Schiffsfunkstelle, zu der sie gehört</span></div><div style='margin:2px 0;'><span style='display:inline-block; width:24px;'>B.</span><span>ATIS-Code, der ihr gesondert mit der Zuteilungsurkunde (Ship Station Licence) zugewiesen wurde</span></div><div style='margin:2px 0;'><span style='display:inline-block; width:24px;'>C.</span><span>ATIS-Code der ortsfesten Funkstelle</span></div><div style='margin:2px 0;'><span style='display:inline-block; width:24px;'>D.</span><span>ATIS-Code der Schiffsfunkstelle und die Gerätenummer</span></div></div></div>";"<div style='text-align:left;'><div style='margin-top:8px;'><b>Richtige Antwort:</b> A</div><div style='margin-top:4px;'>ATIS-Code der Schiffsfunkstelle, zu der sie gehört</div></div>"
"<div style='text-align:left;'><div style='font-weight:700; margin-bottom:8px;'>Was ist ein ATIS-Killer?</div><div><div style='margin:2px 0;'><span style='display:inline-block; width:24px;'>A.</span><span>Zusatzeinrichtung in der Funkanlage zur optischen Unterdrückung des empfangenen ATIS-Signals</span></div><div style='margin:2px 0;'><span style='display:inline-block; width:24px;'>B.</span><span>Zusatzeinrichtung in der Funkanlage zur Unterdrückung der versehentlichen Aussendung des ATIS-Signals</span></div><div style='margin:2px 0;'><span style='display:inline-block; width:24px;'>C.</span><span>Zusatzeinrichtung in der Funkanlage zur akustischen Unterdrückung des empfangenen ATIS-Signals</span></div><div style='margin:2px 0;'><span style='display:inline-block; width:24px;'>D.</span><span>Zusatzeinrichtung in der Funkanlage zur Unterdrückung der Aussendung des ATIS-Signals</span></div></div></div>";"<div style='text-align:left;'><div style='margin-top:8px;'><b>Richtige Antwort:</b> C</div><div style='margin-top:4px;'>Zusatzeinrichtung in der Funkanlage zur akustischen Unterdrückung des empfangenen ATIS-Signals</div></div>"
"<div style='text-align:left;'><div style='font-weight:700; margin-bottom:8px;'>Was versteht man unter AIS?</div><div><div style='margin:2px 0;'><span style='display:inline-block; width:24px;'>A.</span><span>Automatische Aussendung der Kennung eines Binnenschiffes beim Loslassen der Sprechtaste</span></div><div style='margin:2px 0;'><span style='display:inline-block; width:24px;'>B.</span><span>Automatisches Schiffsidentifizierungs- und Überwachungssystem, das statische, dynamische und reisebezogene Informationen auf UKW überträgt</span></div><div style='margin:2px 0;'><span style='display:inline-block; width:24px;'>C.</span><span>Allgemeines Informationssystem für die Binnenschifffahrt</span></div><div style='margin:2px 0;'><span style='display:inline-block; width:24px;'>D.</span><span>Identifizierung eines Schiffes mit Hilfe von Radarpeilungen und deren Weitergabe an die Schifffahrt zur Kollisionsverhütung</span></div></div></div>";"<div style='text-align:left;'><div style='margin-top:8px;'><b>Richtige Antwort:</b> B</div><div style='margin-top:4px;'>Automatisches Schiffsidentifizierungs- und Überwachungssystem, das statische, dynamische und reisebezogene Informationen auf UKW überträgt</div></div>"
"<div style='text-align:left;'><div style='font-weight:700; margin-bottom:8px;'>Was ist beim Betrieb einer Amateurfunkstelle an Bord eines Binnenschiffes, das mit einer Schiffsfunkstelle ausgerüstet ist, zu beachten?</div><div><div style='margin:2px 0;'><span style='display:inline-block; width:24px;'>A.</span><span>Die Amateurfunkstelle darf nur nach Eintragung in die Zuteilungsurkunde (Ship Station Licence) der Schiffsfunkstelle betrieben werden und keine schädlichen Störungen bei der Schiffsfunkstelle oder bei sonstigen nautischen und technischen Einrichtungen des Fahrzeugs verursachen</span></div><div style='margin:2px 0;'><span style='display:inline-block; width:24px;'>B.</span><span>Die Amateurfunkstelle darf nur mit Zustimmung des Schiffsführers und zur Vermeidung von schädlichen Störungen nur mit einer Leistung von bis zu 5 Watt betrieben werden</span></div><div style='margin:2px 0;'><span style='display:inline-block; width:24px;'>C.</span><span>Die Amateurfunkstelle darf nur mit Zustimmung der Revierzentrale betrieben werden und keine schädlichen Störungen bei der Schiffsfunkstelle oder bei sonstigen nautischen und technischen Einrichtungen des Fahrzeugs verursachen</span></div><div style='margin:2px 0;'><span style='display:inline-block; width:24px;'>D.</span><span>Die Amateurfunkstelle darf nur mit Zustimmung des Schiffsführers betrieben werden und keine schädlichen Störungen bei der Schiffsfunkstelle oder bei sonstigen nautischen und technischen Einrichtungen des Fahrzeugs verursachen</span></div></div></div>";"<div style='text-align:left;'><div style='margin-top:8px;'><b>Richtige Antwort:</b> D</div><div style='margin-top:4px;'>Die Amateurfunkstelle darf nur mit Zustimmung des Schiffsführers betrieben werden und keine schädlichen Störungen bei der Schiffsfunkstelle oder bei sonstigen nautischen und technischen Einrichtungen des Fahrzeugs verursachen</div></div>"
"<div style='text-align:left;'><div style='font-weight:700; margin-bottom:8px;'>Wozu dient ein Verkehrskreis im Binnenschifffahrtsfunk?</div><div><div style='margin:2px 0;'><span style='display:inline-block; width:24px;'>A.</span><span>Zuordnung von Sprechfunk-Kanälen für bestimmte Schiffsfunkstellen</span></div><div style='margin:2px 0;'><span style='display:inline-block; width:24px;'>B.</span><span>Zuordnung der Rangfolge von bestimmten Arten von Funkgesprächen</span></div><div style='margin:2px 0;'><span style='display:inline-block; width:24px;'>C.</span><span>Zuordnung von Sprechfunk-Rufzeichen für bestimmte Funkstellen</span></div><div style='margin:2px 0;'><span style='display:inline-block; width:24px;'>D.</span><span>Zuordnung von Sprechfunk-Kanälen für bestimmte Zwecke</span></div></div></div>";"<div style='text-align:left;'><div style='margin-top:8px;'><b>Richtige Antwort:</b> D</div><div style='margin-top:4px;'>Zuordnung von Sprechfunk-Kanälen für bestimmte Zwecke</div></div>"
"<div style='text-align:left;'><div style='font-weight:700; margin-bottom:8px;'>Welche Verkehrskreise werden im Binnenschifffahrtsfunk betrieben?</div><div><div style='margin:2px 0;'><span style='display:inline-block; width:24px;'>A.</span><span>Schiff – Schiff, Schiff – Verkehrszentrale, Schiff – Hafenbehörde, Funkverkehr an Bord</span></div><div style='margin:2px 0;'><span style='display:inline-block; width:24px;'>B.</span><span>Schiff – Schiff, Nautische Information, Schiff – Hafenbehörde, Schiff – Verkehrsposten</span></div><div style='margin:2px 0;'><span style='display:inline-block; width:24px;'>C.</span><span>Schiff – Schiff, Nautische Information, Schiff – Hafenbehörde, Schiff – Landfunkstelle</span></div><div style='margin:2px 0;'><span style='display:inline-block; width:24px;'>D.</span><span>Schiff – Schiff, Nautische Information, Schiff – Hafenbehörde, Funkverkehr an Bord</span></div></div></div>";"<div style='text-align:left;'><div style='margin-top:8px;'><b>Richtige Antwort:</b> D</div><div style='margin-top:4px;'>Schiff – Schiff, Nautische Information, Schiff – Hafenbehörde, Funkverkehr an Bord</div></div>"
"<div style='text-align:left;'><div style='font-weight:700; margin-bottom:8px;'>Wo findet man Angaben über die Verkehrskreise des Binnenschifffahrtsfunks?</div><div><div style='margin:2px 0;'><span style='display:inline-block; width:24px;'>A.</span><span>Binnenschifffahrtsstraßenordnung</span></div><div style='margin:2px 0;'><span style='display:inline-block; width:24px;'>B.</span><span>Regionaler Teil Deutschland des Handbuchs Binnenschifffahrtsfunk</span></div><div style='margin:2px 0;'><span style='display:inline-block; width:24px;'>C.</span><span>Binnenschifffahrt-Sprechfunkverordnung</span></div><div style='margin:2px 0;'><span style='display:inline-block; width:24px;'>D.</span><span>Gesetz über Funkanlagen und Telekommunikationsendeinrichtungen (FTEG)</span></div></div></div>";"<div style='text-align:left;'><div style='margin-top:8px;'><b>Richtige Antwort:</b> C</div><div style='margin-top:4px;'>Binnenschifffahrt-Sprechfunkverordnung</div></div>"
"<div style='text-align:left;'><div style='font-weight:700; margin-bottom:8px;'>Die Verkehrskreise Nautische Information und Schiff – Hafenbehörde werden…</div><div><div style='margin:2px 0;'><span style='display:inline-block; width:24px;'>A.</span><span>auf dem Rhein, auf der Donau und auf der Mosel angeboten</span></div><div style='margin:2px 0;'><span style='display:inline-block; width:24px;'>B.</span><span>in Häfen und ausgewiesenen Liegestellen angeboten</span></div><div style='margin:2px 0;'><span style='display:inline-block; width:24px;'>C.</span><span>nicht auf allen Bundeswasserstraßen angeboten</span></div><div style='margin:2px 0;'><span style='display:inline-block; width:24px;'>D.</span><span>auf allen Bundeswasserstraßen angeboten</span></div></div></div>";"<div style='text-align:left;'><div style='margin-top:8px;'><b>Richtige Antwort:</b> C</div><div style='margin-top:4px;'>nicht auf allen Bundeswasserstraßen angeboten</div></div>"
"<div style='text-align:left;'><div style='font-weight:700; margin-bottom:8px;'>Wozu dient der Verkehrskreis Schiff – Schiff?</div><div><div style='margin:2px 0;'><span style='display:inline-block; width:24px;'>A.</span><span>Funkverkehr zwischen Schiffsfunkstellen und Funkstellen der Behörden, die für die Betriebsdienste auf Binnenwasserstraßen zuständig sind</span></div><div style='margin:2px 0;'><span style='display:inline-block; width:24px;'>B.</span><span>Funkverkehr zwischen Handfunkgeräten auf einem Schiff</span></div><div style='margin:2px 0;'><span style='display:inline-block; width:24px;'>C.</span><span>Funkverkehr zwischen Schiffsfunkstellen</span></div><div style='margin:2px 0;'><span style='display:inline-block; width:24px;'>D.</span><span>Funkverkehr von Schiffsfunkstellen über Landfunkstellen mit dem öffentlichen Telekommunikationsnetz</span></div></div></div>";"<div style='text-align:left;'><div style='margin-top:8px;'><b>Richtige Antwort:</b> C</div><div style='margin-top:4px;'>Funkverkehr zwischen Schiffsfunkstellen</div></div>"
"<div style='text-align:left;'><div style='font-weight:700; margin-bottom:8px;'>Wozu dient der Verkehrskreis Nautische Information?</div><div><div style='margin:2px 0;'><span style='display:inline-block; width:24px;'>A.</span><span>Funkverkehr zwischen Schiffsfunkstellen</span></div><div style='margin:2px 0;'><span style='display:inline-block; width:24px;'>B.</span><span>Funkverkehr von Schiffsfunkstellen über Landfunkstellen mit dem öffentlichen Telekommunikationsnetz</span></div><div style='margin:2px 0;'><span style='display:inline-block; width:24px;'>C.</span><span>Funkverkehr zwischen Schiffsfunkstellen und Landfunkstellen von Hafenbehörden</span></div><div style='margin:2px 0;'><span style='display:inline-block; width:24px;'>D.</span><span>Funkverkehr zwischen Schiffsfunkstellen und Funkstellen der Behörden, denen der Betrieb der Bundeswasserstraßen obliegt</span></div></div></div>";"<div style='text-align:left;'><div style='margin-top:8px;'><b>Richtige Antwort:</b> D</div><div style='margin-top:4px;'>Funkverkehr zwischen Schiffsfunkstellen und Funkstellen der Behörden, denen der Betrieb der Bundeswasserstraßen obliegt</div></div>"
"<div style='text-align:left;'><div style='font-weight:700; margin-bottom:8px;'>Welche Nachrichten werden im Verkehrskreis Nautische Information übermittelt?</div><div><div style='margin:2px 0;'><span style='display:inline-block; width:24px;'>A.</span><span>Nachrichten über schiffsbetriebliche Angelegenheiten</span></div><div style='margin:2px 0;'><span style='display:inline-block; width:24px;'>B.</span><span>Nachrichten, die sich auf Funkverkehr zwischen Schiffsfunkstellen beziehen</span></div><div style='margin:2px 0;'><span style='display:inline-block; width:24px;'>C.</span><span>Nachrichten über den Zustand der Wasserstraßen, über Verkehrsberatung und zur Verkehrslenkung</span></div><div style='margin:2px 0;'><span style='display:inline-block; width:24px;'>D.</span><span>Nachrichten über die Zuweisung von Liegeplätzen oder über die Fahrt in den Häfen</span></div></div></div>";"<div style='text-align:left;'><div style='margin-top:8px;'><b>Richtige Antwort:</b> C</div><div style='margin-top:4px;'>Nachrichten über den Zustand der Wasserstraßen, über Verkehrsberatung und zur Verkehrslenkung</div></div>"
"<div style='text-align:left;'><div style='font-weight:700; margin-bottom:8px;'>Wodurch kann bei einem nicht funkausrüstungspflichtigen Fahrzeug die ununterbrochene Teilnahme am Verkehrskreis Nautische Information sichergestellt werden?</div><div><div style='margin:2px 0;'><span style='display:inline-block; width:24px;'>A.</span><span>Zweikanalüberwachung (Dual Watch)</span></div><div style='margin:2px 0;'><span style='display:inline-block; width:24px;'>B.</span><span>Ununterbrochene Empfangsbereitschaft auf Kanal 10</span></div><div style='margin:2px 0;'><span style='display:inline-block; width:24px;'>C.</span><span>Einschalten des Kanals der Funkstelle der zuständigen Hafenbehörde</span></div><div style='margin:2px 0;'><span style='display:inline-block; width:24px;'>D.</span><span>Zusätzliche UKW-Funkanlage für den Binnenschifffahrtsfunk</span></div></div></div>";"<div style='text-align:left;'><div style='margin-top:8px;'><b>Richtige Antwort:</b> D</div><div style='margin-top:4px;'>Zusätzliche UKW-Funkanlage für den Binnenschifffahrtsfunk</div></div>"
"<div style='text-align:left;'><div style='font-weight:700; margin-bottom:8px;'>Welche Funkstelle ist nicht dem Verkehrskreis Nautische Information zugeordnet?</div><div><div style='margin:2px 0;'><span style='display:inline-block; width:24px;'>A.</span><span>Oberwesel Revierzentrale</span></div><div style='margin:2px 0;'><span style='display:inline-block; width:24px;'>B.</span><span>Iffezheim Schleuse</span></div><div style='margin:2px 0;'><span style='display:inline-block; width:24px;'>C.</span><span>Gerstheim Ecluse</span></div><div style='margin:2px 0;'><span style='display:inline-block; width:24px;'>D.</span><span>Neuss Hafen</span></div></div></div>";"<div style='text-align:left;'><div style='margin-top:8px;'><b>Richtige Antwort:</b> D</div><div style='margin-top:4px;'>Neuss Hafen</div></div>"
"<div style='text-align:left;'><div style='font-weight:700; margin-bottom:8px;'>Welche Funkstelle ist dem Verkehrskreis Nautische Information zugeordnet?</div><div><div style='margin:2px 0;'><span style='display:inline-block; width:24px;'>A.</span><span>Iffezheim Schleuse</span></div><div style='margin:2px 0;'><span style='display:inline-block; width:24px;'>B.</span><span>Mannheim Hafenschleuse</span></div><div style='margin:2px 0;'><span style='display:inline-block; width:24px;'>C.</span><span>Diffenébrücke Mannheim</span></div><div style='margin:2px 0;'><span style='display:inline-block; width:24px;'>D.</span><span>Neuss Hafen</span></div></div></div>";"<div style='text-align:left;'><div style='margin-top:8px;'><b>Richtige Antwort:</b> A</div><div style='margin-top:4px;'>Iffezheim Schleuse</div></div>"
"<div style='text-align:left;'><div style='font-weight:700; margin-bottom:8px;'>Welchem Verkehrskreis ist die Landfunkstelle Düsseldorf Marina zugeordnet?</div><div><div style='margin:2px 0;'><span style='display:inline-block; width:24px;'>A.</span><span>Nautische Information</span></div><div style='margin:2px 0;'><span style='display:inline-block; width:24px;'>B.</span><span>Funkverkehr an Bord</span></div><div style='margin:2px 0;'><span style='display:inline-block; width:24px;'>C.</span><span>Schiff – Schiff</span></div><div style='margin:2px 0;'><span style='display:inline-block; width:24px;'>D.</span><span>Schiff – Hafenbehörde</span></div></div></div>";"<div style='text-align:left;'><div style='margin-top:8px;'><b>Richtige Antwort:</b> D</div><div style='margin-top:4px;'>Schiff – Hafenbehörde</div></div>"
"<div style='text-align:left;'><div style='font-weight:700; margin-bottom:8px;'>Welche Nachrichten werden im Verkehrskreis Funkverkehr an Bord übermittelt?</div><div><div style='margin:2px 0;'><span style='display:inline-block; width:24px;'>A.</span><span>Nachrichten über schiffsbetriebliche Angelegenheiten sowie bei Anweisungen für das Arbeiten mit Leinen und für das Ankern</span></div><div style='margin:2px 0;'><span style='display:inline-block; width:24px;'>B.</span><span>Nachrichten über den Zustand der Wasserstraßen, über Verkehrsberatung und zur Verkehrslenkung zwischen Schiffsfunkstellen und Landfunkstellen</span></div><div style='margin:2px 0;'><span style='display:inline-block; width:24px;'>C.</span><span>Nachrichten über die Zuweisung von Liegeplätzen oder über die Fahrt in den Häfen</span></div><div style='margin:2px 0;'><span style='display:inline-block; width:24px;'>D.</span><span>Nachrichten, die sich auf den Schutz von Personen und auf die Fahrt oder auf die Sicherheit von Schiffen beziehen</span></div></div></div>";"<div style='text-align:left;'><div style='margin-top:8px;'><b>Richtige Antwort:</b> A</div><div style='margin-top:4px;'>Nachrichten über schiffsbetriebliche Angelegenheiten sowie bei Anweisungen für das Arbeiten mit Leinen und für das Ankern</div></div>"
"<div style='text-align:left;'><div style='font-weight:700; margin-bottom:8px;'>Welche UKW-Kanäle dürfen im Verkehrskreis Funkverkehr an Bord benutzt werden?</div><div><div style='margin:2px 0;'><span style='display:inline-block; width:24px;'>A.</span><span>18 und 22</span></div><div style='margin:2px 0;'><span style='display:inline-block; width:24px;'>B.</span><span>06 und 16</span></div><div style='margin:2px 0;'><span style='display:inline-block; width:24px;'>C.</span><span>15 und 17</span></div><div style='margin:2px 0;'><span style='display:inline-block; width:24px;'>D.</span><span>72 und 77</span></div></div></div>";"<div style='text-align:left;'><div style='margin-top:8px;'><b>Richtige Antwort:</b> C</div><div style='margin-top:4px;'>15 und 17</div></div>"
"<div style='text-align:left;'><div style='font-weight:700; margin-bottom:8px;'>In welchen Verkehrskreisen müssen Schiffsfunkstellen, außer auf Kleinfahrzeugen, während der Fahrt empfangsbereit sein?</div><div><div style='margin:2px 0;'><span style='display:inline-block; width:24px;'>A.</span><span>Mindestens in einem der Verkehrskreise Schiff – Schiff, Nautische Information oder Schiff – Hafenbehörde</span></div><div style='margin:2px 0;'><span style='display:inline-block; width:24px;'>B.</span><span>Mindestens in drei der Verkehrskreise Schiff – Schiff, Nautische Information, Funkverkehr an Bord oder Schiff – Hafenbehörde</span></div><div style='margin:2px 0;'><span style='display:inline-block; width:24px;'>C.</span><span>Mindestens in zwei der Verkehrskreise Schiff – Schiff, Nautische Information oder Schiff – Hafenbehörde</span></div><div style='margin:2px 0;'><span style='display:inline-block; width:24px;'>D.</span><span>Mindestens abwechselnd in einem der Verkehrskreise Schiff – Schiff, Nautische Information, Funkverkehr an Bord oder Schiff – Hafenbehörde</span></div></div></div>";"<div style='text-align:left;'><div style='margin-top:8px;'><b>Richtige Antwort:</b> C</div><div style='margin-top:4px;'>Mindestens in zwei der Verkehrskreise Schiff – Schiff, Nautische Information oder Schiff – Hafenbehörde</div></div>"
"<div style='text-align:left;'><div style='font-weight:700; margin-bottom:8px;'>Wo findet man Regelungen über die Abwicklung des Binnenschifffahrtsfunks?</div><div><div style='margin:2px 0;'><span style='display:inline-block; width:24px;'>A.</span><span>Allgemeiner Teil des Handbuchs Binnenschifffahrtsfunk</span></div><div style='margin:2px 0;'><span style='display:inline-block; width:24px;'>B.</span><span>Regionaler Teil Deutschland des Handbuchs Binnenschifffahrtsfunk</span></div><div style='margin:2px 0;'><span style='display:inline-block; width:24px;'>C.</span><span>Binnenschifffahrt-Sprechfunkverordnung</span></div><div style='margin:2px 0;'><span style='display:inline-block; width:24px;'>D.</span><span>Binnenschifffahrtsstraßenordnung</span></div></div></div>";"<div style='text-align:left;'><div style='margin-top:8px;'><b>Richtige Antwort:</b> A</div><div style='margin-top:4px;'>Allgemeiner Teil des Handbuchs Binnenschifffahrtsfunk</div></div>"
"<div style='text-align:left;'><div style='font-weight:700; margin-bottom:8px;'>Wo findet man die empfohlenen fremdsprachlichen Redewendungen für die Abwicklung des Binnenschifffahrtsfunks?</div><div><div style='margin:2px 0;'><span style='display:inline-block; width:24px;'>A.</span><span>Binnenschifffahrtsstraßenordnung</span></div><div style='margin:2px 0;'><span style='display:inline-block; width:24px;'>B.</span><span>Allgemeiner Teil des Handbuchs Binnenschifffahrtsfunk</span></div><div style='margin:2px 0;'><span style='display:inline-block; width:24px;'>C.</span><span>Regionale Teile des Handbuchs Binnenschifffahrtsfunk</span></div><div style='margin:2px 0;'><span style='display:inline-block; width:24px;'>D.</span><span>Binnenschifffahrt-Sprechfunkverordnung</span></div></div></div>";"<div style='text-align:left;'><div style='margin-top:8px;'><b>Richtige Antwort:</b> C</div><div style='margin-top:4px;'>Regionale Teile des Handbuchs Binnenschifffahrtsfunk</div></div>"
"<div style='text-align:left;'><div style='font-weight:700; margin-bottom:8px;'>Wozu dient die Internationale Buchstabiertafel im Binnenschifffahrtsfunk?</div><div><div style='margin:2px 0;'><span style='display:inline-block; width:24px;'>A.</span><span>Zum Buchstabieren schwieriger Wörter, Namen und Bezeichnungen, um die Vorschriften der Binnenschifffahrt-Sprechfunkverordnung zu erfüllen</span></div><div style='margin:2px 0;'><span style='display:inline-block; width:24px;'>B.</span><span>Zum Buchstabieren schwieriger Wörter, Namen und Bezeichnungen innerhalb von Meldungen, um Übermittlungsfehler zu vermeiden</span></div><div style='margin:2px 0;'><span style='display:inline-block; width:24px;'>C.</span><span>Zum Buchstabieren schwieriger Wörter, Namen und Bezeichnungen, um die Wichtigkeit der buchstabierten Begriffe zu betonen</span></div><div style='margin:2px 0;'><span style='display:inline-block; width:24px;'>D.</span><span>Zum Buchstabieren schwieriger Wörter, Namen und Bezeichnungen, um Informationen zu verschlüsseln</span></div></div></div>";"<div style='text-align:left;'><div style='margin-top:8px;'><b>Richtige Antwort:</b> B</div><div style='margin-top:4px;'>Zum Buchstabieren schwieriger Wörter, Namen und Bezeichnungen innerhalb von Meldungen, um Übermittlungsfehler zu vermeiden</div></div>"
"<div style='text-align:left;'><div style='font-weight:700; margin-bottom:8px;'>Wo findet man Angaben über die UKW-Kanäle, die im Binnenschifffahrtsfunk in bestimmten Regionen benutzt werden sollen?</div><div><div style='margin:2px 0;'><span style='display:inline-block; width:24px;'>A.</span><span>Binnenschifffahrt-Sprechfunkverordnung</span></div><div style='margin:2px 0;'><span style='display:inline-block; width:24px;'>B.</span><span>Regionale Teile des Handbuchs Binnenschifffahrtsfunk</span></div><div style='margin:2px 0;'><span style='display:inline-block; width:24px;'>C.</span><span>Schifffahrtspolizeiverordnungen, z.B. Rheinschifffahrtspolizeiverordnung</span></div><div style='margin:2px 0;'><span style='display:inline-block; width:24px;'>D.</span><span>Binnenschifffahrtsstraßenordnung</span></div></div></div>";"<div style='text-align:left;'><div style='margin-top:8px;'><b>Richtige Antwort:</b> B</div><div style='margin-top:4px;'>Regionale Teile des Handbuchs Binnenschifffahrtsfunk</div></div>"
"<div style='text-align:left;'><div style='font-weight:700; margin-bottom:8px;'>Wie erfolgt die Leistungsreduzierung beim Sendebetrieb einer Schiffsfunkstelle auf dem UKW-Kanal 10?</div><div><div style='margin:2px 0;'><span style='display:inline-block; width:24px;'>A.</span><span>Durch längeres Drücken der Sendetaste</span></div><div style='margin:2px 0;'><span style='display:inline-block; width:24px;'>B.</span><span>Automatisch</span></div><div style='margin:2px 0;'><span style='display:inline-block; width:24px;'>C.</span><span>Manuell</span></div><div style='margin:2px 0;'><span style='display:inline-block; width:24px;'>D.</span><span>Durch die Revierzentrale</span></div></div></div>";"<div style='text-align:left;'><div style='margin-top:8px;'><b>Richtige Antwort:</b> B</div><div style='margin-top:4px;'>Automatisch</div></div>"
"<div style='text-align:left;'><div style='font-weight:700; margin-bottom:8px;'>Mit welcher Leistung sendet eine Schiffsfunkstelle auf UKW-Kanal 10?</div><div><div style='margin:2px 0;'><span style='display:inline-block; width:24px;'>A.</span><span>0,5 bis 1 Watt</span></div><div style='margin:2px 0;'><span style='display:inline-block; width:24px;'>B.</span><span>0,5 bis 25 Watt</span></div><div style='margin:2px 0;'><span style='display:inline-block; width:24px;'>C.</span><span>10 bis 25 Watt</span></div><div style='margin:2px 0;'><span style='display:inline-block; width:24px;'>D.</span><span>2 bis 5 Watt</span></div></div></div>";"<div style='text-align:left;'><div style='margin-top:8px;'><b>Richtige Antwort:</b> A</div><div style='margin-top:4px;'>0,5 bis 1 Watt</div></div>"
"<div style='text-align:left;'><div style='font-weight:700; margin-bottom:8px;'>Auf welchem UKW-Kanal müssen Schiffsfunkstellen unabhängig von dem befahrenen Streckenabschnitt während der Fahrt ständig empfangsbereit sein?</div><div><div style='margin:2px 0;'><span style='display:inline-block; width:24px;'>A.</span><span>72</span></div><div style='margin:2px 0;'><span style='display:inline-block; width:24px;'>B.</span><span>13</span></div><div style='margin:2px 0;'><span style='display:inline-block; width:24px;'>C.</span><span>20</span></div><div style='margin:2px 0;'><span style='display:inline-block; width:24px;'>D.</span><span>10</span></div></div></div>";"<div style='text-align:left;'><div style='margin-top:8px;'><b>Richtige Antwort:</b> D</div><div style='margin-top:4px;'>10</div></div>"
"<div style='text-align:left;'><div style='font-weight:700; margin-bottom:8px;'>Welcher UKW-Kanal darf im Binnenschifffahrtsfunk auf den Bundeswasserstraßen der Zonen 3 und 4 nicht benutzt werden?</div><div><div style='margin:2px 0;'><span style='display:inline-block; width:24px;'>A.</span><span>77</span></div><div style='margin:2px 0;'><span style='display:inline-block; width:24px;'>B.</span><span>16</span></div><div style='margin:2px 0;'><span style='display:inline-block; width:24px;'>C.</span><span>72</span></div><div style='margin:2px 0;'><span style='display:inline-block; width:24px;'>D.</span><span>10</span></div></div></div>";"<div style='text-align:left;'><div style='margin-top:8px;'><b>Richtige Antwort:</b> B</div><div style='margin-top:4px;'>16</div></div>"
"<div style='text-align:left;'><div style='font-weight:700; margin-bottom:8px;'>Wozu dienen im Binnenschifffahrtsfunk die UKW-Kanäle 72 und 77?</div><div><div style='margin:2px 0;'><span style='display:inline-block; width:24px;'>A.</span><span>Anrufe an eine Schleuse</span></div><div style='margin:2px 0;'><span style='display:inline-block; width:24px;'>B.</span><span>Nautische Absprachen</span></div><div style='margin:2px 0;'><span style='display:inline-block; width:24px;'>C.</span><span>Funkverkehr mit einer Revierzentrale</span></div><div style='margin:2px 0;'><span style='display:inline-block; width:24px;'>D.</span><span>Funkverkehr sozialer Art</span></div></div></div>";"<div style='text-align:left;'><div style='margin-top:8px;'><b>Richtige Antwort:</b> D</div><div style='margin-top:4px;'>Funkverkehr sozialer Art</div></div>"
"<div style='text-align:left;'><div style='font-weight:700; margin-bottom:8px;'>Welche Fahrzeuge unterliegen auf bestimmten Wasserstraßen und an bestimmten Stellen einer Meldepflicht?</div><div><div style='margin:2px 0;'><span style='display:inline-block; width:24px;'>A.</span><span>Sportboote unter Segel</span></div><div style='margin:2px 0;'><span style='display:inline-block; width:24px;'>B.</span><span>Motorfahrzeuge mit einer Gesamtlänge von mehr als 20 Metern</span></div><div style='margin:2px 0;'><span style='display:inline-block; width:24px;'>C.</span><span>Fahrgastschiffe mit mehr als 20 Passagieren</span></div><div style='margin:2px 0;'><span style='display:inline-block; width:24px;'>D.</span><span>Gefahrgutschiffe und Sondertransporte</span></div></div></div>";"<div style='text-align:left;'><div style='margin-top:8px;'><b>Richtige Antwort:</b> D</div><div style='margin-top:4px;'>Gefahrgutschiffe und Sondertransporte</div></div>"
"<div style='text-align:left;'><div style='font-weight:700; margin-bottom:8px;'>Vor jeder Aussendung ist durch kurzzeitiges Öffnen der Rauschsperre sicherzustellen, dass…</div><div><div style='margin:2px 0;'><span style='display:inline-block; width:24px;'>A.</span><span>kein anderer Funkverkehr gestört wird</span></div><div style='margin:2px 0;'><span style='display:inline-block; width:24px;'>B.</span><span>die ATIS-Kennung zuvor ausgesendet wird</span></div><div style='margin:2px 0;'><span style='display:inline-block; width:24px;'>C.</span><span>die Sendeleistung auf 25 Watt eingestellt ist</span></div><div style='margin:2px 0;'><span style='display:inline-block; width:24px;'>D.</span><span>der DSC-Controller ausgeschaltet ist</span></div></div></div>";"<div style='text-align:left;'><div style='margin-top:8px;'><b>Richtige Antwort:</b> A</div><div style='margin-top:4px;'>kein anderer Funkverkehr gestört wird</div></div>"
"<div style='text-align:left;'><div style='font-weight:700; margin-bottom:8px;'>Was kann die Funkverbindung zwischen einer Schiffsfunkstelle und einer Seefunkstelle beeinträchtigen?</div><div><div style='margin:2px 0;'><span style='display:inline-block; width:24px;'>A.</span><span>Die Schiffsfunkstelle kann die AIS-Aussendung der Seefunkstelle auf bestimmten UKW-Kanälen nicht auswerten</span></div><div style='margin:2px 0;'><span style='display:inline-block; width:24px;'>B.</span><span>Die Schiffsfunkstelle sendet auf bestimmten UKW-Kanälen nur mit automatisch reduzierter Leistung</span></div><div style='margin:2px 0;'><span style='display:inline-block; width:24px;'>C.</span><span>Die Seefunkstelle kann die ATIS-Aussendung der Schiffsfunkstelle auf bestimmten UKW-Kanälen nicht auswerten</span></div><div style='margin:2px 0;'><span style='display:inline-block; width:24px;'>D.</span><span>Die Seefunkstelle sendet auf bestimmten UKW-Kanälen nur mit automatisch reduzierter Leistung</span></div></div></div>";"<div style='text-align:left;'><div style='margin-top:8px;'><b>Richtige Antwort:</b> B</div><div style='margin-top:4px;'>Die Schiffsfunkstelle sendet auf bestimmten UKW-Kanälen nur mit automatisch reduzierter Leistung</div></div>"
"<div style='text-align:left;'><div style='font-weight:700; margin-bottom:8px;'>Warum dürfen Seefunkstellen mit ihrer Seefunkanlage nicht am Binnenschifffahrtsfunk teilnehmen?</div><div><div style='margin:2px 0;'><span style='display:inline-block; width:24px;'>A.</span><span>Seefunkanlagen nutzen ein anderes Frequenzband als Binnenschifffahrtsfunkanlagen</span></div><div style='margin:2px 0;'><span style='display:inline-block; width:24px;'>B.</span><span>Seefunkanlagen ermöglichen die Hörbereitschaft auf den UKW-Kanälen 16 und 70</span></div><div style='margin:2px 0;'><span style='display:inline-block; width:24px;'>C.</span><span>Seefunkanlagen verfügen weder über eine automatische Sendeleistungsreduzierung auf bestimmten UKW-Kanälen noch können sie einen ATIS-Code aussenden</span></div><div style='margin:2px 0;'><span style='display:inline-block; width:24px;'>D.</span><span>Seefunkanlagen verfügen über einen DSC-Controller, der mit dem ATIS-System nicht kompatibel ist</span></div></div></div>";"<div style='text-align:left;'><div style='margin-top:8px;'><b>Richtige Antwort:</b> C</div><div style='margin-top:4px;'>Seefunkanlagen verfügen weder über eine automatische Sendeleistungsreduzierung auf bestimmten UKW-Kanälen noch können sie einen ATIS-Code aussenden</div></div>"
"<div style='text-align:left;'><div style='font-weight:700; margin-bottom:8px;'>Die Verwendung des Digitalen Selektivrufs (DSC) ist …</div><div><div style='margin:2px 0;'><span style='display:inline-block; width:24px;'>A.</span><span>eingeführt zur Verbindungsaufnahme mit anderen Schiffsfunkstellen</span></div><div style='margin:2px 0;'><span style='display:inline-block; width:24px;'>B.</span><span>im Binnenschifffahrtsfunk nicht zulässig</span></div><div style='margin:2px 0;'><span style='display:inline-block; width:24px;'>C.</span><span>im Binnenschifffahrtsfunk zulässig für Notalarme</span></div><div style='margin:2px 0;'><span style='display:inline-block; width:24px;'>D.</span><span>eingeführt zur Identifizierung von Schiffsfunkstellen</span></div></div></div>";"<div style='text-align:left;'><div style='margin-top:8px;'><b>Richtige Antwort:</b> B</div><div style='margin-top:4px;'>im Binnenschifffahrtsfunk nicht zulässig</div></div>"
"<div style='text-align:left;'><div style='font-weight:700; margin-bottom:8px;'>Welche Sprache muss bei Verbindungen zwischen deutschen Schiffsfunkstellen und ausländischen Landfunkstellen benutzt werden?</div><div><div style='margin:2px 0;'><span style='display:inline-block; width:24px;'>A.</span><span>Sprache des Landes, in dem sich die Landfunkstelle befindet</span></div><div style='margin:2px 0;'><span style='display:inline-block; width:24px;'>B.</span><span>Vorrangig Englisch</span></div><div style='margin:2px 0;'><span style='display:inline-block; width:24px;'>C.</span><span>Vorrangig Deutsch</span></div><div style='margin:2px 0;'><span style='display:inline-block; width:24px;'>D.</span><span>Heimatsprache des Funkers</span></div></div></div>";"<div style='text-align:left;'><div style='margin-top:8px;'><b>Richtige Antwort:</b> A</div><div style='margin-top:4px;'>Sprache des Landes, in dem sich die Landfunkstelle befindet</div></div>"
"<div style='text-align:left;'><div style='font-weight:700; margin-bottom:8px;'>Welche Bedeutung hat ein weißes Tafelzeichen mit rotem Rand und der schwarzen Aufschrift UKW 20 oder VHF 20?</div><div><div style='margin:2px 0;'><span style='display:inline-block; width:24px;'>A.</span><span>Gebot, UKW-Kanal 20 zu benutzen</span></div><div style='margin:2px 0;'><span style='display:inline-block; width:24px;'>B.</span><span>Hinweis, dass der UKW-Kanal 20 für die Nutzung durch die Berufsschifffahrt vorgesehen ist</span></div><div style='margin:2px 0;'><span style='display:inline-block; width:24px;'>C.</span><span>Gebot, eine Sendeleistung von 20 Watt zu gewährleisten</span></div><div style='margin:2px 0;'><span style='display:inline-block; width:24px;'>D.</span><span>Hinweis, dass der Verkehrskreis Schiff Schiff auf UKW-Kanal 20 abzuwickeln ist</span></div></div></div>";"<div style='text-align:left;'><div style='margin-top:8px;'><b>Richtige Antwort:</b> A</div><div style='margin-top:4px;'>Gebot, UKW-Kanal 20 zu benutzen</div></div>"
"<div style='text-align:left;'><div style='font-weight:700; margin-bottom:8px;'>Welche Landfunkstellen sind zur Einleitung von Rettungsmaßnahmen vorzugsweise anzurufen?</div><div><div style='margin:2px 0;'><span style='display:inline-block; width:24px;'>A.</span><span>Revierzentralen</span></div><div style='margin:2px 0;'><span style='display:inline-block; width:24px;'>B.</span><span>Polizeifunkstellen</span></div><div style='margin:2px 0;'><span style='display:inline-block; width:24px;'>C.</span><span>Rettungsleitstellen</span></div><div style='margin:2px 0;'><span style='display:inline-block; width:24px;'>D.</span><span>Schiffsfunkstellen</span></div></div></div>";"<div style='text-align:left;'><div style='margin-top:8px;'><b>Richtige Antwort:</b> A</div><div style='margin-top:4px;'>Revierzentralen</div></div>"
"<div style='text-align:left;'><div style='font-weight:700; margin-bottom:8px;'>Wie ist die Rangfolge des Funkverkehrs im Binnenschifffahrtsfunk?</div><div><div style='margin:2px 0;'><span style='display:inline-block; width:24px;'>A.</span><span>Notverkehr, Dringlichkeitsverkehr, Routineverkehr, Sicherheitsverkehr</span></div><div style='margin:2px 0;'><span style='display:inline-block; width:24px;'>B.</span><span>Dringlichkeitsverkehr, Notverkehr, Sicherheitsverkehr, Routineverkehr</span></div><div style='margin:2px 0;'><span style='display:inline-block; width:24px;'>C.</span><span>Notverkehr, Dringlichkeitsverkehr, Sicherheitsverkehr, Routineverkehr</span></div><div style='margin:2px 0;'><span style='display:inline-block; width:24px;'>D.</span><span>Sicherheitsverkehr, Dringlichkeitsverkehr, Notverkehr, Routineverkehr</span></div></div></div>";"<div style='text-align:left;'><div style='margin-top:8px;'><b>Richtige Antwort:</b> C</div><div style='margin-top:4px;'>Notverkehr, Dringlichkeitsverkehr, Sicherheitsverkehr, Routineverkehr</div></div>"
"<div style='text-align:left;'><div style='font-weight:700; margin-bottom:8px;'>Wie heißt das Notzeichen im Sprechfunk?</div><div><div style='margin:2px 0;'><span style='display:inline-block; width:24px;'>A.</span><span>PAN PAN</span></div><div style='margin:2px 0;'><span style='display:inline-block; width:24px;'>B.</span><span>SOS</span></div><div style='margin:2px 0;'><span style='display:inline-block; width:24px;'>C.</span><span>SECURITE</span></div><div style='margin:2px 0;'><span style='display:inline-block; width:24px;'>D.</span><span>MAYDAY</span></div></div></div>";"<div style='text-align:left;'><div style='margin-top:8px;'><b>Richtige Antwort:</b> D</div><div style='margin-top:4px;'>MAYDAY</div></div>"
"<div style='text-align:left;'><div style='font-weight:700; margin-bottom:8px;'>Welcher Funkverkehr ist einzuleiten, wenn sich an Bord eine lebensgefährlich verletzte Person befindet?</div><div><div style='margin:2px 0;'><span style='display:inline-block; width:24px;'>A.</span><span>Sicherheitsverkehr</span></div><div style='margin:2px 0;'><span style='display:inline-block; width:24px;'>B.</span><span>Routineverkehr</span></div><div style='margin:2px 0;'><span style='display:inline-block; width:24px;'>C.</span><span>Dringlichkeitsverkehr</span></div><div style='margin:2px 0;'><span style='display:inline-block; width:24px;'>D.</span><span>Notverkehr</span></div></div></div>";"<div style='text-align:left;'><div style='margin-top:8px;'><b>Richtige Antwort:</b> D</div><div style='margin-top:4px;'>Notverkehr</div></div>"
"<div style='text-align:left;'><div style='font-weight:700; margin-bottom:8px;'>Welcher Funkverkehr ist einzuleiten, wenn eine Person über Bord gefallen ist?</div><div><div style='margin:2px 0;'><span style='display:inline-block; width:24px;'>A.</span><span>Sicherheitsverkehr</span></div><div style='margin:2px 0;'><span style='display:inline-block; width:24px;'>B.</span><span>Routineverkehr</span></div><div style='margin:2px 0;'><span style='display:inline-block; width:24px;'>C.</span><span>Notverkehr</span></div><div style='margin:2px 0;'><span style='display:inline-block; width:24px;'>D.</span><span>Dringlichkeitsverkehr</span></div></div></div>";"<div style='text-align:left;'><div style='margin-top:8px;'><b>Richtige Antwort:</b> C</div><div style='margin-top:4px;'>Notverkehr</div></div>"
"<div style='text-align:left;'><div style='font-weight:700; margin-bottom:8px;'>Wer bestätigt eine Notmeldung im Verkehrskreis Nautische Information?</div><div><div style='margin:2px 0;'><span style='display:inline-block; width:24px;'>A.</span><span>Ortsfeste Funkstelle</span></div><div style='margin:2px 0;'><span style='display:inline-block; width:24px;'>B.</span><span>Der Schiffsführer</span></div><div style='margin:2px 0;'><span style='display:inline-block; width:24px;'>C.</span><span>In der Nähe befindliche Schiffsfunkstelle</span></div><div style='margin:2px 0;'><span style='display:inline-block; width:24px;'>D.</span><span>Behördenfahrzeug</span></div></div></div>";"<div style='text-align:left;'><div style='margin-top:8px;'><b>Richtige Antwort:</b> A</div><div style='margin-top:4px;'>Ortsfeste Funkstelle</div></div>"
"<div style='text-align:left;'><div style='font-weight:700; margin-bottom:8px;'>Wer bestätigt eine Notmeldung im Verkehrskreis Schiff Schiff?</div><div><div style='margin:2px 0;'><span style='display:inline-block; width:24px;'>A.</span><span>In der Nähe befindliche Schiffsfunkstelle</span></div><div style='margin:2px 0;'><span style='display:inline-block; width:24px;'>B.</span><span>Verkehrsposten</span></div><div style='margin:2px 0;'><span style='display:inline-block; width:24px;'>C.</span><span>Ortsfeste Funkstelle</span></div><div style='margin:2px 0;'><span style='display:inline-block; width:24px;'>D.</span><span>Der Schiffsführer</span></div></div></div>";"<div style='text-align:left;'><div style='margin-top:8px;'><b>Richtige Antwort:</b> A</div><div style='margin-top:4px;'>In der Nähe befindliche Schiffsfunkstelle</div></div>"
"<div style='text-align:left;'><div style='font-weight:700; margin-bottom:8px;'>Was bedeuten die Worte MAYDAY RELAY?</div><div><div style='margin:2px 0;'><span style='display:inline-block; width:24px;'>A.</span><span>Aussendung einer Notmeldung durch eine Funkstelle, die sich selbst nicht in Not befindet</span></div><div style='margin:2px 0;'><span style='display:inline-block; width:24px;'>B.</span><span>Beendigung einer Notmeldung durch die Funkstelle, die den Notverkehr leitet</span></div><div style='margin:2px 0;'><span style='display:inline-block; width:24px;'>C.</span><span>Bestätigung des Empfangs einer Notmeldung</span></div><div style='margin:2px 0;'><span style='display:inline-block; width:24px;'>D.</span><span>Notmeldung an eine Landstation mit der Bitte um Leitung des Notverkehrs</span></div></div></div>";"<div style='text-align:left;'><div style='margin-top:8px;'><b>Richtige Antwort:</b> A</div><div style='margin-top:4px;'>Aussendung einer Notmeldung durch eine Funkstelle, die sich selbst nicht in Not befindet</div></div>"
"<div style='text-align:left;'><div style='font-weight:700; margin-bottom:8px;'>Was bedeuten die Worte SILENCE FINI?</div><div><div style='margin:2px 0;'><span style='display:inline-block; width:24px;'>A.</span><span>Dringlichkeits- und Sicherheitsverkehr darf wieder aufgenommen werden</span></div><div style='margin:2px 0;'><span style='display:inline-block; width:24px;'>B.</span><span>Einer Funkstelle, die den Notverkehr stört, wird Funkstille geboten</span></div><div style='margin:2px 0;'><span style='display:inline-block; width:24px;'>C.</span><span>Alle Funkstellen müssen Funkstille einhalten</span></div><div style='margin:2px 0;'><span style='display:inline-block; width:24px;'>D.</span><span>Der Notverkehr ist beendet</span></div></div></div>";"<div style='text-align:left;'><div style='margin-top:8px;'><b>Richtige Antwort:</b> D</div><div style='margin-top:4px;'>Der Notverkehr ist beendet</div></div>"
"<div style='text-align:left;'><div style='font-weight:700; margin-bottom:8px;'>Was bedeuten die Worte SILENCE MAYDAY?</div><div><div style='margin:2px 0;'><span style='display:inline-block; width:24px;'>A.</span><span>Eine Notmeldung folgt</span></div><div style='margin:2px 0;'><span style='display:inline-block; width:24px;'>B.</span><span>Die Funkstelle in Not gebietet den nicht am Notverkehr beteiligten Funkstellen Funkstille</span></div><div style='margin:2px 0;'><span style='display:inline-block; width:24px;'>C.</span><span>Der Notverkehr ist beendet</span></div><div style='margin:2px 0;'><span style='display:inline-block; width:24px;'>D.</span><span>Die am Notverkehr beteiligten Funkstellen genießen Vorrang</span></div></div></div>";"<div style='text-align:left;'><div style='margin-top:8px;'><b>Richtige Antwort:</b> B</div><div style='margin-top:4px;'>Die Funkstelle in Not gebietet den nicht am Notverkehr beteiligten Funkstellen Funkstille</div></div>"
"<div style='text-align:left;'><div style='font-weight:700; margin-bottom:8px;'>Wann liegt ein Dringlichkeitsfall vor?</div><div><div style='margin:2px 0;'><span style='display:inline-block; width:24px;'>A.</span><span>Wenn dringende Nachrichten übermittelt werden sollen, welche die Unterstützung durch die Wasserschutzpolizei betreffen</span></div><div style='margin:2px 0;'><span style='display:inline-block; width:24px;'>B.</span><span>Wenn dringende Nachrichten übermittelt werden sollen, welche den Empfang eines Notzeichens betreffen</span></div><div style='margin:2px 0;'><span style='display:inline-block; width:24px;'>C.</span><span>Wenn dringende Nachrichten übermittelt werden sollen, welche die Besatzung und oder das Schiff betreffen, ohne dass eine unmittelbare Gefährdung gegeben ist</span></div><div style='margin:2px 0;'><span style='display:inline-block; width:24px;'>D.</span><span>Wenn eine unmittelbare Gefährdung von Mensch oder Schiff gegeben ist oder eine Gefahrenabwehr an Land notwendig ist</span></div></div></div>";"<div style='text-align:left;'><div style='margin-top:8px;'><b>Richtige Antwort:</b> C</div><div style='margin-top:4px;'>Wenn dringende Nachrichten übermittelt werden sollen, welche die Besatzung und oder das Schiff betreffen, ohne dass eine unmittelbare Gefährdung gegeben ist</div></div>"
"<div style='text-align:left;'><div style='font-weight:700; margin-bottom:8px;'>Wie lautet das Sicherheitszeichen im Sprechfunk?</div><div><div style='margin:2px 0;'><span style='display:inline-block; width:24px;'>A.</span><span>PAN PAN</span></div><div style='margin:2px 0;'><span style='display:inline-block; width:24px;'>B.</span><span>SOS</span></div><div style='margin:2px 0;'><span style='display:inline-block; width:24px;'>C.</span><span>MAYDAY</span></div><div style='margin:2px 0;'><span style='display:inline-block; width:24px;'>D.</span><span>SECURITE</span></div></div></div>";"<div style='text-align:left;'><div style='margin-top:8px;'><b>Richtige Antwort:</b> D</div><div style='margin-top:4px;'>SECURITE</div></div>"
"<div style='text-align:left;'><div style='font-weight:700; margin-bottom:8px;'>Welche Meldungen werden mit dem Sicherheitszeichen SECURITE angekündigt?</div><div><div style='margin:2px 0;'><span style='display:inline-block; width:24px;'>A.</span><span>Nachrichten, die eine wichtige Wetterwarnung oder eine Warnung zur Vermeidung von Umweltschäden beinhalten</span></div><div style='margin:2px 0;'><span style='display:inline-block; width:24px;'>B.</span><span>Nachrichten, die eine wichtige nautische Warnnachricht oder eine wichtige Wetterwarnung beinhalten</span></div><div style='margin:2px 0;'><span style='display:inline-block; width:24px;'>C.</span><span>Nachrichten, die eine wichtige nautische Warnnachricht oder den Radareinsatz bei unsichtigem Wetter beinhalten</span></div><div style='margin:2px 0;'><span style='display:inline-block; width:24px;'>D.</span><span>Nachrichten, die eine wichtige nautische Warnnachricht oder eine dringende medizinische Meldung beinhalten</span></div></div></div>";"<div style='text-align:left;'><div style='margin-top:8px;'><b>Richtige Antwort:</b> B</div><div style='margin-top:4px;'>Nachrichten, die eine wichtige nautische Warnnachricht oder eine wichtige Wetterwarnung beinhalten</div></div>"
"<div style='text-align:left;'><div style='font-weight:700; margin-bottom:8px;'>Welche Meldung ist zu verbreiten, wenn ein treibender Baumstamm beobachtet wird, der eine Gefahr für den Verkehr darstellt?</div><div><div style='margin:2px 0;'><span style='display:inline-block; width:24px;'>A.</span><span>Dringlichkeitsmeldung</span></div><div style='margin:2px 0;'><span style='display:inline-block; width:24px;'>B.</span><span>keine Meldung</span></div><div style='margin:2px 0;'><span style='display:inline-block; width:24px;'>C.</span><span>Notmeldung</span></div><div style='margin:2px 0;'><span style='display:inline-block; width:24px;'>D.</span><span>Sicherheitsmeldung</span></div></div></div>";"<div style='text-align:left;'><div style='margin-top:8px;'><b>Richtige Antwort:</b> D</div><div style='margin-top:4px;'>Sicherheitsmeldung</div></div>"
"<div style='text-align:left;'><div style='font-weight:700; margin-bottom:8px;'>Welche Meldung ist zu verbreiten, wenn eine vertriebene Tonne beobachtet wird?</div><div><div style='margin:2px 0;'><span style='display:inline-block; width:24px;'>A.</span><span>keine Meldung</span></div><div style='margin:2px 0;'><span style='display:inline-block; width:24px;'>B.</span><span>Notmeldung</span></div><div style='margin:2px 0;'><span style='display:inline-block; width:24px;'>C.</span><span>Dringlichkeitsmeldung</span></div><div style='margin:2px 0;'><span style='display:inline-block; width:24px;'>D.</span><span>Sicherheitsmeldung</span></div></div></div>";"<div style='text-align:left;'><div style='margin-top:8px;'><b>Richtige Antwort:</b> D</div><div style='margin-top:4px;'>Sicherheitsmeldung</div></div>"
"<div style='text-align:left;'><div style='font-weight:700; margin-bottom:8px;'>Wer entscheidet über die Art der auszusendenden Sprechfunkmeldung?</div><div><div style='margin:2px 0;'><span style='display:inline-block; width:24px;'>A.</span><span>Revierzentrale</span></div><div style='margin:2px 0;'><span style='display:inline-block; width:24px;'>B.</span><span>Bediener der Funkanlage</span></div><div style='margin:2px 0;'><span style='display:inline-block; width:24px;'>C.</span><span>Schiffsführer</span></div><div style='margin:2px 0;'><span style='display:inline-block; width:24px;'>D.</span><span>Wasserschutzpolizei</span></div></div></div>";"<div style='text-align:left;'><div style='margin-top:8px;'><b>Richtige Antwort:</b> C</div><div style='margin-top:4px;'>Schiffsführer</div></div>"
"<div style='text-align:left;'><div style='font-weight:700; margin-bottom:8px;'>Welche Nachrichten werden im Verkehrskreis Schiff Hafenbehörde übermittelt?</div><div><div style='margin:2px 0;'><span style='display:inline-block; width:24px;'>A.</span><span>Nachrichten über den Zustand der Wasserstraßen, über Verkehrsberatung und zur Verkehrslenkung</span></div><div style='margin:2px 0;'><span style='display:inline-block; width:24px;'>B.</span><span>Nachrichten über die Zuweisung von Liegeplätzen oder über die Fahrt in den Häfen</span></div><div style='margin:2px 0;'><span style='display:inline-block; width:24px;'>C.</span><span>Nachrichten, die sich auf Funkverkehr zwischen Schiffsfunkstellen beziehen</span></div><div style='margin:2px 0;'><span style='display:inline-block; width:24px;'>D.</span><span>Nachrichten über schiffsbetriebliche Angelegenheiten</span></div></div></div>";"<div style='text-align:left;'><div style='margin-top:8px;'><b>Richtige Antwort:</b> B</div><div style='margin-top:4px;'>Nachrichten über die Zuweisung von Liegeplätzen oder über die Fahrt in den Häfen</div></div>"
"<div style='text-align:left;'><div style='font-weight:700; margin-bottom:8px;'>Welche Kennung müssen Schiffsfunkstellen in den Verkehrskreisen Schiff Schiff, Nautische Information und Schiff Hafenbehörde im Sprechfunkverkehr verwenden?</div><div><div style='margin:2px 0;'><span style='display:inline-block; width:24px;'>A.</span><span>ATIS-Kennung</span></div><div style='margin:2px 0;'><span style='display:inline-block; width:24px;'>B.</span><span>Rufnummer im Seefunkdienst (MMSI)</span></div><div style='margin:2px 0;'><span style='display:inline-block; width:24px;'>C.</span><span>Heimathafen</span></div><div style='margin:2px 0;'><span style='display:inline-block; width:24px;'>D.</span><span>Schiffsname und Rufzeichen</span></div></div></div>";"<div style='text-align:left;'><div style='margin-top:8px;'><b>Richtige Antwort:</b> D</div><div style='margin-top:4px;'>Schiffsname und Rufzeichen</div></div>"
